{"cameraMode":{"drawMode":0,"name":"Shaded","section":"Shading Mode"},"sceneLighting":true,"audioPlay":false,"sceneViewState":{"m_AlwaysRefresh":false,"showFog":true,"showSkybox":true,"showFlares":true,"showImageEffects":true,"showParticleSystems":true,"showVisualEffectGraphs":true,"m_FxEnabled":true},"in2DMode":false,"pivot":{"x":-0.9309567809104919,"y":1.3382806777954102,"z":118.64161682128906},"rotation":{"x":0.15251722931861878,"y":0.15311981737613679,"z":-0.023928040638566018,"w":0.9760925769805908},"size":5.929770469665527,"orthographic":false}